borough,average,averagenew
Manhattan,8.4,4447.066748
Bronx,7.04,1143.291506
Brooklyn,6.72,826.8696453
Queens,6.56,709.3050685
Staten Island,5.93,377.4104542
